house_id,sqft_living,bedrooms,bathrooms,year_built,neighborhood,garage_spaces,has_pool,price
HOUSE_00001,4495,2,3.5,1985,Suburb,2,No,787259.21
HOUSE_00002,4337,2,4.0,2020,SouthHills,1,No,1064014.11
HOUSE_00003,4458,5,1.5,2001,Downtown,2,Yes,1250112.08
HOUSE_00004,799,2,1.5,1982,Downtown,0,Yes,394851.4
HOUSE_00005,2786,4,3.0,2005,WestEnd,1,No,505782.35
HOUSE_00006,3010,1,2.5,2008,SouthHills,2,No,790151.0
HOUSE_00007,849,5,4.0,1989,Downtown,1,No,516650.52
HOUSE_00008,2356,1,2.5,1962,Northside,2,No,542573.58
HOUSE_00009,3437,4,2.5,1987,Downtown,2,No,972833.38
HOUSE_00010,3560,2,4.0,1992,SouthHills,1,Yes,931924.25
HOUSE_00011,2053,3,2.0,2001,SouthHills,1,No,592290.68
HOUSE_00012,1843,4,3.0,1962,Downtown,3,No,705653.33
HOUSE_00013,2307,3,4.0,1964,SouthHills,1,No,667399.32
HOUSE_00014,2966,1,1.5,2016,SouthHills,2,No,749981.2
HOUSE_00015,3653,5,4.0,1978,Northside,2,Yes,868217.67
HOUSE_00016,2537,2,3.5,2001,WestEnd,3,No,525000.73
HOUSE_00017,3894,4,4.0,2021,SouthHills,2,Yes,1046826.75
HOUSE_00018,943,2,2.0,2017,Suburb,2,No,319415.23
HOUSE_00019,3633,3,2.5,2016,WestEnd,3,No,614094.79
HOUSE_00020,1286,3,1.0,2007,WestEnd,2,No,316369.56
HOUSE_00021,3265,5,2.0,1960,Suburb,2,No,621580.83
HOUSE_00022,3792,3,2.0,1997,Downtown,0,No,999341.89
HOUSE_00023,2937,5,3.0,1968,Northside,1,No,689090.41
HOUSE_00024,3996,4,3.5,2019,SouthHills,2,No,1025878.66
HOUSE_00025,3662,5,2.0,1964,Downtown,1,Yes,1053738.58
HOUSE_00026,3362,3,4.0,2018,Suburb,1,No,656143.91
HOUSE_00027,1555,1,3.5,2005,Northside,0,No,444936.49
HOUSE_00028,3213,5,3.0,2001,Northside,2,Yes,815101.57
HOUSE_00029,2846,2,4.0,1993,Northside,1,Yes,713407.29
HOUSE_00030,2735,1,1.0,1996,Suburb,1,No,536035.88
HOUSE_00031,1529,5,1.5,1992,Downtown,1,No,584482.85
HOUSE_00032,2086,2,1.5,1984,SouthHills,2,No,584999.45
HOUSE_00033,3744,1,2.5,2001,Northside,1,No,803284.99
HOUSE_00034,3854,5,2.5,1988,Northside,1,No,822897.39
HOUSE_00035,2416,4,1.0,2017,Downtown,0,No,696080.16
HOUSE_00036,2387,2,1.5,1984,Northside,1,Yes,585138.29
HOUSE_00037,755,4,2.5,2013,Northside,2,No,399598.02
HOUSE_00038,2425,3,3.5,2018,Suburb,2,No,520144.59
HOUSE_00039,2653,5,2.0,1968,WestEnd,1,No,489300.58
HOUSE_00040,1745,5,3.0,2021,Downtown,1,No,684197.14
HOUSE_00041,3327,2,4.0,1962,Downtown,2,No,958666.16
HOUSE_00042,884,5,2.5,1974,Downtown,1,No,486254.74
HOUSE_00043,1221,3,1.0,1963,Suburb,1,No,336529.03
HOUSE_00044,2301,5,4.0,2004,Suburb,1,Yes,561125.6
HOUSE_00045,3011,1,1.5,1997,SouthHills,0,No,713248.6
HOUSE_00046,1948,4,1.0,1979,Suburb,0,No,431298.02
HOUSE_00047,2358,3,3.0,2008,Downtown,2,No,789274.17
HOUSE_00048,1761,3,3.0,1982,SouthHills,0,No,517050.91
HOUSE_00049,1702,4,1.0,1996,WestEnd,0,No,361317.72
HOUSE_00050,2870,4,2.5,2021,Northside,1,No,684578.2
HOUSE_00051,3927,3,2.5,2006,Northside,0,No,791179.02
HOUSE_00052,3048,4,1.5,1967,SouthHills,1,No,771920.65
HOUSE_00053,3580,2,3.5,2016,WestEnd,0,No,616629.63
HOUSE_00054,2717,4,1.5,1996,Northside,1,No,627340.81
HOUSE_00055,3838,1,2.0,2015,SouthHills,2,No,919784.15
HOUSE_00056,2628,1,3.5,2004,Suburb,2,No,565163.86
HOUSE_00057,3392,2,4.0,1992,Downtown,1,No,969717.82
HOUSE_00058,3621,4,2.0,1992,WestEnd,0,Yes,629483.1
HOUSE_00059,1093,1,1.5,1966,Northside,2,No,353096.48
HOUSE_00060,4423,5,3.5,2022,Downtown,1,No,1251558.84
HOUSE_00061,2317,4,3.5,1981,SouthHills,0,Yes,671184.27
HOUSE_00062,4341,2,2.0,1964,Northside,2,No,816747.73
HOUSE_00063,1360,4,1.0,2005,Downtown,3,No,591649.12
HOUSE_00064,2128,3,2.5,1974,Suburb,1,No,454932.48
HOUSE_00065,4220,3,3.5,1980,WestEnd,0,No,667502.76
HOUSE_00066,1854,1,4.0,2021,SouthHills,2,No,645344.89
HOUSE_00067,768,3,4.0,1984,Northside,0,No,343765.76
HOUSE_00068,4116,2,3.5,1976,Suburb,2,No,746335.64
HOUSE_00069,3509,1,2.0,2015,WestEnd,1,No,566120.43
HOUSE_00070,1019,2,3.5,2009,WestEnd,1,No,301452.78
HOUSE_00071,2924,2,2.0,1966,Suburb,1,No,569835.47
HOUSE_00072,1283,3,1.0,2013,Northside,3,No,419089.14
HOUSE_00073,4300,3,4.0,2017,WestEnd,2,No,743523.31
HOUSE_00074,2564,2,3.5,2009,SouthHills,1,No,720589.69
HOUSE_00075,1883,3,3.0,2019,Downtown,2,Yes,755372.78
HOUSE_00076,1281,3,1.5,2020,SouthHills,2,No,460729.91
HOUSE_00077,4396,3,4.0,1978,WestEnd,2,No,684859.87
HOUSE_00078,2467,4,1.0,2011,Downtown,2,No,777367.48
HOUSE_00079,2256,2,3.0,1966,Suburb,0,Yes,472893.89
HOUSE_00080,3906,5,4.0,1999,Downtown,1,Yes,1200043.84
HOUSE_00081,2498,2,1.0,2004,Downtown,3,No,751312.82
HOUSE_00082,810,1,2.5,2018,Downtown,3,Yes,491715.94
HOUSE_00083,1698,3,1.0,2009,WestEnd,0,No,340604.43
HOUSE_00084,1457,3,1.0,1983,Northside,1,No,398003.87
HOUSE_00085,982,5,2.5,1970,WestEnd,3,No,326993.12
HOUSE_00086,4291,1,3.5,2000,Northside,1,No,895779.06
HOUSE_00087,2442,4,1.5,2014,Suburb,2,No,529109.44
HOUSE_00088,2941,2,3.0,1960,Suburb,1,No,557162.14
HOUSE_00089,3714,4,4.0,2013,Suburb,2,Yes,789173.7
HOUSE_00090,1770,1,2.0,1991,Suburb,1,No,359461.06
HOUSE_00091,3725,5,1.5,1999,Suburb,1,No,722492.5
HOUSE_00092,3089,1,4.0,2012,SouthHills,1,No,792310.63
HOUSE_00093,4013,5,1.0,2003,WestEnd,3,Yes,713424.1
HOUSE_00094,3269,4,2.0,2022,Northside,2,Yes,794715.22
HOUSE_00095,2093,4,2.5,1961,Suburb,2,No,444633.07
HOUSE_00096,1500,1,1.5,1974,SouthHills,1,No,442713.71
HOUSE_00097,3650,1,3.5,1980,SouthHills,3,No,926157.07
HOUSE_00098,830,3,3.0,1983,SouthHills,2,No,415411.06
HOUSE_00099,1993,5,1.5,2009,WestEnd,2,No,431830.4
HOUSE_00100,2663,3,1.5,1976,Suburb,3,No,529415.62
HOUSE_00101,3561,2,3.5,2006,SouthHills,1,No,913444.2
HOUSE_00102,760,2,2.0,2011,SouthHills,2,No,374042.49
HOUSE_00103,2911,1,2.5,2011,Suburb,3,No,615585.54
HOUSE_00104,2248,4,3.5,1968,WestEnd,2,No,490608.03
HOUSE_00105,971,2,4.0,1994,SouthHills,2,No,482649.99
HOUSE_00106,4491,2,2.5,1979,Northside,0,Yes,907007.12
HOUSE_00107,2481,3,3.5,1978,Downtown,2,No,796722.13
HOUSE_00108,2880,3,1.5,1977,Downtown,1,Yes,853791.65
HOUSE_00109,1967,2,2.5,1979,Downtown,1,Yes,702567.85
HOUSE_00110,3745,1,2.0,1989,WestEnd,2,No,625048.33
HOUSE_00111,2157,3,2.0,1999,SouthHills,1,No,589670.46
HOUSE_00112,737,2,3.0,1960,Downtown,1,No,447938.35
HOUSE_00113,2594,4,2.5,1983,Downtown,2,No,828662.57
HOUSE_00114,4339,3,3.0,1983,Suburb,1,No,789186.36
HOUSE_00115,2042,2,4.0,2006,SouthHills,0,No,607484.9
HOUSE_00116,4281,5,3.5,1978,SouthHills,1,No,1039319.82
HOUSE_00117,4147,3,1.0,1989,Suburb,0,No,677177.26
HOUSE_00118,4331,5,4.0,1985,SouthHills,1,Yes,1144215.74
HOUSE_00119,3364,3,2.0,2001,Northside,0,No,709720.68
HOUSE_00120,1173,3,1.5,2003,WestEnd,1,No,298157.92
HOUSE_00121,758,5,2.0,2019,Suburb,1,Yes,343814.46
HOUSE_00122,3336,1,1.0,1997,Downtown,1,No,839181.1
HOUSE_00123,2663,2,1.5,1988,SouthHills,3,No,699943.81
HOUSE_00124,3246,1,2.5,1972,Northside,1,Yes,708266.2
HOUSE_00125,3989,1,2.5,1963,Northside,2,No,824334.0
HOUSE_00126,2618,2,4.0,2004,WestEnd,1,No,482878.21
HOUSE_00127,3314,4,2.0,1976,Northside,2,No,733052.98
HOUSE_00128,3314,1,1.5,2021,SouthHills,2,No,814226.93
HOUSE_00129,3900,1,3.5,1992,SouthHills,1,No,924567.04
HOUSE_00130,1603,1,1.5,1964,Northside,1,No,400910.61
HOUSE_00131,1082,4,3.0,1987,SouthHills,1,No,453745.68
HOUSE_00132,2111,3,1.0,1983,SouthHills,2,Yes,640312.32
HOUSE_00133,784,5,4.0,1976,Downtown,1,No,536109.23
HOUSE_00134,2233,5,2.5,2009,Suburb,2,No,561595.0
HOUSE_00135,4497,4,2.0,1998,SouthHills,1,No,1047239.94
HOUSE_00136,3374,1,1.5,2007,SouthHills,0,No,729581.78
HOUSE_00137,4208,5,2.5,1999,WestEnd,2,No,716184.16
HOUSE_00138,3573,4,2.0,2003,Suburb,2,Yes,714989.59
HOUSE_00139,3040,2,2.5,2005,Suburb,1,No,570768.87
HOUSE_00140,3820,5,2.0,2010,Suburb,2,No,725070.17
HOUSE_00141,1790,2,2.5,1970,Northside,1,No,452439.97
HOUSE_00142,3534,1,3.5,1971,Downtown,2,No,969905.44
HOUSE_00143,828,5,3.0,1972,Downtown,2,Yes,525484.7
HOUSE_00144,2776,4,1.0,1967,WestEnd,2,No,492690.57
HOUSE_00145,4114,3,2.5,1960,Suburb,0,No,756189.74
HOUSE_00146,2268,5,1.0,1968,Suburb,1,No,479748.88
HOUSE_00147,3890,5,2.5,1987,SouthHills,2,No,962994.4
HOUSE_00148,1391,5,4.0,1961,Northside,0,No,447103.8
HOUSE_00149,2660,5,1.5,1973,Northside,2,No,652631.24
HOUSE_00150,4434,4,3.0,1972,WestEnd,1,No,748998.08
HOUSE_00151,832,4,4.0,2007,Downtown,1,No,504543.2
HOUSE_00152,4098,3,3.5,1961,Suburb,2,No,714769.61
HOUSE_00153,1908,4,3.0,1963,WestEnd,1,No,439261.39
HOUSE_00154,4277,4,1.0,1971,Northside,3,Yes,953100.58
HOUSE_00155,1345,1,1.5,2007,Northside,2,Yes,438001.06
HOUSE_00156,3436,1,2.0,1969,Northside,2,No,716743.98
HOUSE_00157,3281,2,4.0,1962,Suburb,0,No,619024.06
HOUSE_00158,4012,3,3.0,1963,Suburb,3,No,757229.37
HOUSE_00159,2312,1,3.5,1965,Suburb,2,No,500847.49
HOUSE_00160,4487,3,4.0,1982,SouthHills,1,No,1075318.76
HOUSE_00161,1215,3,1.5,1964,Downtown,1,No,457598.43
HOUSE_00162,2745,5,1.5,2009,Northside,1,No,671378.51
HOUSE_00163,2563,3,1.0,1962,Northside,3,No,593130.56
HOUSE_00164,3707,5,3.5,1969,SouthHills,2,No,951163.11
HOUSE_00165,2912,2,1.5,2002,Northside,3,Yes,697604.48
HOUSE_00166,3674,2,1.5,1978,Northside,2,No,747344.45
HOUSE_00167,1632,2,2.0,1973,Suburb,1,No,378350.23
HOUSE_00168,2363,5,1.0,1980,Suburb,1,No,509645.79
HOUSE_00169,1256,5,1.0,2019,Downtown,1,No,560042.77
HOUSE_00170,3989,2,3.5,2002,Northside,1,Yes,867797.95
HOUSE_00171,2371,5,1.5,1987,WestEnd,1,No,469181.05
HOUSE_00172,3427,4,2.0,1980,Northside,3,No,788655.25
HOUSE_00173,1692,4,2.5,1995,Northside,3,No,545947.93
HOUSE_00174,2328,5,3.0,1983,Downtown,1,No,795675.49
HOUSE_00175,3776,5,4.0,2013,WestEnd,2,No,702915.28
HOUSE_00176,2391,1,1.0,1997,Northside,2,No,533878.8
HOUSE_00177,1456,1,2.0,1976,WestEnd,1,No,351398.56
HOUSE_00178,1804,3,3.5,1981,Suburb,2,No,456802.99
HOUSE_00179,1970,3,2.0,1978,Suburb,1,No,458891.33
HOUSE_00180,3602,3,1.5,2004,WestEnd,3,No,600926.33
HOUSE_00181,3240,2,3.0,2013,Northside,2,No,748255.57
HOUSE_00182,1348,4,1.0,1969,WestEnd,2,No,326710.64
HOUSE_00183,2109,2,2.5,2020,WestEnd,1,No,432171.65
HOUSE_00184,4346,5,1.5,1970,Suburb,1,No,754653.95
HOUSE_00185,1691,1,1.0,2020,WestEnd,1,Yes,362938.96
HOUSE_00186,2030,5,4.0,1997,SouthHills,2,Yes,724683.26
HOUSE_00187,1327,5,3.5,1961,SouthHills,3,No,573850.23
HOUSE_00188,3372,1,1.0,1992,Suburb,1,No,568517.88
HOUSE_00189,3290,5,2.0,2002,Northside,2,No,776166.2
HOUSE_00190,2754,3,4.0,1990,Northside,1,Yes,706306.46
HOUSE_00191,2649,1,3.0,2007,Suburb,1,No,566680.31
HOUSE_00192,1653,5,2.5,1994,Northside,2,Yes,572782.17
HOUSE_00193,3262,3,3.0,1996,Downtown,2,No,981856.95
HOUSE_00194,2542,3,2.0,2006,SouthHills,1,Yes,712212.01
HOUSE_00195,3502,4,2.5,2006,Downtown,1,No,994491.47
HOUSE_00196,4339,3,2.5,1995,Downtown,1,Yes,1171670.77
HOUSE_00197,2820,2,1.5,1982,Downtown,1,Yes,836522.06
HOUSE_00198,709,1,2.5,1995,Suburb,3,No,289641.37
HOUSE_00199,2296,1,1.0,1999,Downtown,2,Yes,693430.8
HOUSE_00200,3309,1,3.0,1998,WestEnd,0,No,528946.66
HOUSE_00201,821,5,3.5,1985,Northside,1,No,422348.49
HOUSE_00202,1386,5,3.5,1984,Suburb,3,Yes,474788.12
HOUSE_00203,2709,2,3.0,1976,WestEnd,2,No,495015.3
HOUSE_00204,3260,3,1.5,1974,WestEnd,2,No,545493.03
HOUSE_00205,3737,5,2.5,1996,SouthHills,0,No,948842.12
HOUSE_00206,1140,3,2.0,2004,SouthHills,2,No,444271.25
HOUSE_00207,3809,3,4.0,1963,WestEnd,1,Yes,661179.5
HOUSE_00208,3449,5,4.0,1981,SouthHills,2,No,942459.18
HOUSE_00209,1290,5,1.0,1976,Northside,3,Yes,444633.62
HOUSE_00210,2068,2,1.5,1981,Northside,0,No,480288.77
HOUSE_00211,2689,4,4.0,1976,SouthHills,1,No,811732.44
HOUSE_00212,2061,1,2.5,1973,Downtown,0,Yes,636025.86
HOUSE_00213,4473,5,3.5,1973,WestEnd,1,No,741530.72
HOUSE_00214,1907,5,2.0,1976,Northside,1,No,492789.69
HOUSE_00215,2814,3,2.5,1967,SouthHills,3,No,758074.57
HOUSE_00216,2764,4,1.5,1993,SouthHills,1,Yes,743736.26
HOUSE_00217,2106,5,2.0,1985,Northside,2,No,572641.23
HOUSE_00218,3115,4,4.0,2004,Northside,2,No,779981.0
HOUSE_00219,3651,1,2.0,1989,Downtown,3,Yes,990032.21
HOUSE_00220,2039,3,2.0,1981,SouthHills,1,No,595538.62
HOUSE_00221,2220,2,2.0,1975,SouthHills,1,No,586339.07
HOUSE_00222,3468,1,4.0,1989,Suburb,0,No,617230.84
HOUSE_00223,4116,4,2.5,1975,Downtown,0,No,1100924.67
HOUSE_00224,3705,4,2.0,1997,Northside,2,No,798014.65
HOUSE_00225,2276,1,2.5,2013,Northside,0,No,531524.91
HOUSE_00226,1607,4,2.0,1983,WestEnd,1,No,353934.72
HOUSE_00227,3736,2,2.0,1995,Northside,0,No,763497.91
HOUSE_00228,3220,2,1.5,1994,SouthHills,2,No,790331.44
HOUSE_00229,814,4,2.5,1965,Northside,1,No,347331.83
HOUSE_00230,2847,4,3.5,1963,SouthHills,0,No,749842.75
HOUSE_00231,3185,2,2.5,1977,SouthHills,1,No,778224.55
HOUSE_00232,2068,4,3.0,1965,Downtown,2,No,727717.15
HOUSE_00233,3096,5,4.0,1985,Northside,2,No,777556.07
HOUSE_00234,838,3,3.5,1996,Downtown,1,Yes,534439.84
HOUSE_00235,1527,5,1.5,1986,SouthHills,2,Yes,589709.19
HOUSE_00236,3071,4,2.5,2000,Northside,0,No,723850.37
HOUSE_00237,1545,4,1.5,1970,Northside,0,No,454791.35
HOUSE_00238,4073,3,3.5,1997,Downtown,0,No,1100575.54
HOUSE_00239,3041,4,1.5,2021,Downtown,1,No,908901.19
HOUSE_00240,2680,3,1.5,1975,SouthHills,2,No,708167.45
HOUSE_00241,2252,2,1.0,1978,SouthHills,0,No,591731.73
HOUSE_00242,3715,3,2.5,2002,Northside,2,Yes,810022.58
HOUSE_00243,2015,3,1.5,2012,Northside,1,No,516929.9
HOUSE_00244,773,5,1.0,1974,Suburb,3,No,317290.33
HOUSE_00245,1183,4,1.0,1985,Suburb,2,No,354273.29
HOUSE_00246,715,2,2.0,2015,WestEnd,2,No,256042.5
HOUSE_00247,2249,1,2.0,2000,SouthHills,2,No,587399.99
HOUSE_00248,2059,3,4.0,2015,WestEnd,3,No,470049.96
HOUSE_00249,3540,1,3.5,1990,WestEnd,3,No,619551.69
HOUSE_00250,2596,4,2.5,1978,Downtown,1,No,798534.28
HOUSE_00251,3263,3,2.0,2016,Downtown,1,No,928213.03
HOUSE_00252,3672,1,3.5,2010,Suburb,1,No,714773.89
HOUSE_00253,1850,5,2.5,1983,WestEnd,1,No,411011.21
HOUSE_00254,3571,1,3.5,2017,Suburb,1,No,667335.12
HOUSE_00255,3265,5,4.0,1968,SouthHills,1,No,888620.11
HOUSE_00256,828,2,4.0,1982,Northside,3,No,392487.7
HOUSE_00257,1210,4,1.0,1963,Downtown,1,Yes,517483.12
HOUSE_00258,1122,1,1.0,1969,SouthHills,2,No,382802.61
HOUSE_00259,3132,3,2.5,2022,SouthHills,1,No,799178.82
HOUSE_00260,2606,4,3.5,1968,Downtown,2,Yes,876794.31
HOUSE_00261,931,1,3.5,1978,Downtown,1,No,420765.19
HOUSE_00262,1658,3,2.0,1974,WestEnd,2,No,364909.41
HOUSE_00263,1524,3,2.0,2010,Suburb,1,No,405474.37
HOUSE_00264,3966,3,2.5,1993,SouthHills,1,No,945928.46
HOUSE_00265,764,3,3.0,2001,WestEnd,2,No,268947.9
HOUSE_00266,1532,1,2.0,2022,WestEnd,0,No,315651.47
HOUSE_00267,1314,2,1.5,1978,SouthHills,1,Yes,494868.16
HOUSE_00268,4048,5,2.0,2008,SouthHills,1,No,1023244.55
HOUSE_00269,2728,5,3.0,2022,Northside,2,No,707352.11
HOUSE_00270,4441,5,3.5,2011,Suburb,1,No,830178.61
HOUSE_00271,3995,2,1.0,2015,SouthHills,2,Yes,955291.94
HOUSE_00272,1500,3,1.0,1980,Downtown,1,No,550114.21
HOUSE_00273,2667,3,3.5,1993,Northside,1,No,625050.75
HOUSE_00274,977,4,1.0,2010,Suburb,2,No,318497.9
HOUSE_00275,2713,5,2.0,1976,Downtown,1,No,840151.74
HOUSE_00276,2417,5,4.0,1977,Downtown,2,Yes,888557.83
HOUSE_00277,3113,3,1.0,1976,Suburb,1,No,563081.31
HOUSE_00278,3263,5,4.0,1961,Northside,1,No,770210.75
HOUSE_00279,1938,3,3.0,2010,Downtown,1,No,696605.3
HOUSE_00280,3186,3,4.0,1960,WestEnd,2,No,566396.87
HOUSE_00281,1127,3,3.0,2002,Suburb,2,No,349249.01
HOUSE_00282,3476,1,2.0,2016,Suburb,2,Yes,660370.73
HOUSE_00283,3143,1,3.5,1969,SouthHills,1,No,780308.42
HOUSE_00284,3980,1,1.5,1996,Northside,1,No,745179.99
HOUSE_00285,2224,1,2.0,2007,WestEnd,0,No,406441.02
HOUSE_00286,2186,2,1.0,2015,WestEnd,2,No,431944.16
HOUSE_00287,1285,4,2.0,1964,SouthHills,2,No,475944.39
HOUSE_00288,3998,4,3.0,2015,Downtown,1,No,1112803.92
HOUSE_00289,1074,3,2.0,2014,Downtown,1,No,482812.49
HOUSE_00290,2223,5,2.0,1971,WestEnd,0,Yes,453469.08
HOUSE_00291,3695,1,1.5,1995,Northside,3,No,755332.91
HOUSE_00292,792,4,3.0,1990,Downtown,2,No,515888.9
HOUSE_00293,4231,4,2.5,2014,Suburb,1,No,782515.92
HOUSE_00294,2300,1,2.5,1997,SouthHills,1,Yes,614469.79
HOUSE_00295,3068,2,3.0,2010,Northside,1,No,710441.62
HOUSE_00296,3781,2,2.5,1968,Downtown,2,No,1035220.52
HOUSE_00297,1613,4,1.0,2003,WestEnd,2,No,375785.22
HOUSE_00298,4074,2,2.5,1985,SouthHills,1,No,964995.3
HOUSE_00299,2045,1,1.0,1974,Downtown,2,No,617409.26
HOUSE_00300,2540,4,3.0,1975,WestEnd,1,No,506672.71
HOUSE_00301,4227,1,2.5,1972,Downtown,0,No,1056853.28
HOUSE_00302,2001,2,2.5,1984,SouthHills,2,No,612342.54
HOUSE_00303,2321,1,3.5,1989,Suburb,1,No,496318.17
HOUSE_00304,2261,2,4.0,2012,Suburb,3,No,509242.41
HOUSE_00305,2453,2,1.0,2015,WestEnd,1,No,416374.78
HOUSE_00306,2116,1,1.0,1966,Suburb,1,No,385650.78
HOUSE_00307,3664,2,2.0,2016,SouthHills,2,No,848239.27
HOUSE_00308,794,3,1.5,2014,WestEnd,1,No,251560.24
HOUSE_00309,2479,1,2.5,2011,Downtown,1,No,766862.52
HOUSE_00310,1658,3,3.5,1963,Northside,3,No,485227.23
HOUSE_00311,1830,1,1.5,2002,Downtown,1,No,592985.35
HOUSE_00312,2113,2,4.0,1999,SouthHills,1,No,656173.87
HOUSE_00313,2483,2,4.0,1997,WestEnd,2,Yes,518491.44
HOUSE_00314,4297,4,3.5,2016,Downtown,0,No,1196698.45
HOUSE_00315,4444,4,1.5,1989,WestEnd,1,No,695117.35
HOUSE_00316,2818,3,2.5,1969,Suburb,2,No,595506.44
HOUSE_00317,1363,2,4.0,1989,Northside,1,No,444461.16
HOUSE_00318,1668,4,3.5,1998,SouthHills,3,Yes,660580.55
HOUSE_00319,3334,2,1.0,1966,Downtown,1,No,853915.16
HOUSE_00320,4147,1,2.0,1995,Northside,2,No,816159.64
HOUSE_00321,3474,4,3.5,1994,SouthHills,1,No,882461.46
HOUSE_00322,3115,3,3.0,1983,SouthHills,1,No,816104.35
HOUSE_00323,2798,4,4.0,1998,Suburb,2,No,646235.16
HOUSE_00324,1866,2,4.0,1995,WestEnd,1,No,413023.78
HOUSE_00325,4190,5,2.5,2004,WestEnd,2,No,721211.13
HOUSE_00326,2271,5,2.5,1979,Northside,1,Yes,598406.21
HOUSE_00327,2223,2,3.0,2008,Suburb,2,No,509693.64
HOUSE_00328,1687,1,4.0,1991,SouthHills,1,No,510917.46
HOUSE_00329,3938,4,1.5,2018,Suburb,2,Yes,737833.55
HOUSE_00330,3007,5,2.0,1998,Suburb,2,Yes,673796.47
HOUSE_00331,3963,1,1.5,2008,Northside,0,Yes,801947.7
HOUSE_00332,1925,2,3.0,1985,WestEnd,1,No,396305.05
HOUSE_00333,1908,1,3.0,1985,Suburb,0,No,422857.42
HOUSE_00334,2905,2,2.0,1995,Suburb,1,No,571256.34
HOUSE_00335,4393,4,3.0,2002,Suburb,2,No,812144.11
HOUSE_00336,798,1,3.0,2021,Downtown,0,No,421380.51
HOUSE_00337,2988,4,4.0,1994,Suburb,3,No,655502.78
HOUSE_00338,2214,1,3.5,2002,Suburb,1,No,454986.27
HOUSE_00339,901,2,4.0,1994,SouthHills,3,No,455043.88
HOUSE_00340,1333,2,2.0,1971,Downtown,0,No,486402.85
HOUSE_00341,4280,1,2.5,1992,Suburb,3,No,749460.31
HOUSE_00342,4400,2,1.5,1995,Suburb,0,No,728058.66
HOUSE_00343,3867,3,2.5,1973,Northside,1,No,822447.58
HOUSE_00344,1445,3,2.5,1992,Northside,3,Yes,502630.14
HOUSE_00345,1189,4,3.5,2005,Downtown,1,No,581677.75
HOUSE_00346,1278,3,1.5,2004,SouthHills,0,No,415654.98
HOUSE_00347,3989,3,2.5,2004,Downtown,2,No,1099313.76
HOUSE_00348,3274,5,2.0,1983,Downtown,2,No,944452.04
HOUSE_00349,972,5,1.5,1974,Northside,1,No,373646.62
HOUSE_00350,1942,5,1.0,1990,Northside,0,No,488930.34
HOUSE_00351,1485,5,3.5,1976,SouthHills,2,No,597917.66
HOUSE_00352,4430,2,2.5,1971,Suburb,1,No,790747.94
HOUSE_00353,4103,4,3.0,2021,SouthHills,3,No,1048493.65
HOUSE_00354,1152,4,1.5,1981,Suburb,2,No,344666.99
HOUSE_00355,1875,3,1.0,1982,WestEnd,2,No,394678.49
HOUSE_00356,3094,4,3.0,2022,Northside,1,No,754069.97
HOUSE_00357,1515,3,1.0,1985,WestEnd,2,No,333276.91
HOUSE_00358,1113,4,2.5,1973,WestEnd,1,No,316299.78
HOUSE_00359,2250,1,3.0,1971,Northside,2,Yes,613486.64
HOUSE_00360,1130,1,2.5,2009,WestEnd,1,No,276651.33
HOUSE_00361,3126,4,3.0,1963,Downtown,2,No,917850.05
HOUSE_00362,3745,2,1.5,2018,Suburb,2,No,695738.85
HOUSE_00363,1594,3,4.0,2005,SouthHills,0,No,601348.82
HOUSE_00364,3175,4,2.0,2010,Northside,1,No,730839.89
HOUSE_00365,2646,3,4.0,2020,Downtown,1,No,833643.9
HOUSE_00366,1807,5,2.0,1972,SouthHills,1,No,589501.88
HOUSE_00367,891,4,4.0,2016,SouthHills,1,No,471475.93
HOUSE_00368,740,2,1.0,2021,SouthHills,1,No,353695.91
HOUSE_00369,2587,5,3.5,2014,WestEnd,2,No,517985.15
HOUSE_00370,2559,4,3.0,1977,WestEnd,2,Yes,496831.78
HOUSE_00371,2496,1,2.5,2002,WestEnd,0,No,432780.33
HOUSE_00372,2032,4,3.5,1987,WestEnd,2,No,481923.5
HOUSE_00373,4149,1,1.5,1997,Downtown,3,No,1039814.89
HOUSE_00374,835,1,1.5,2000,WestEnd,1,No,227048.78
HOUSE_00375,2513,4,1.5,2003,Northside,1,No,584503.53
HOUSE_00376,805,4,2.0,1978,SouthHills,1,Yes,428592.7
HOUSE_00377,1218,1,2.5,2005,Downtown,2,Yes,545815.08
HOUSE_00378,2641,3,1.5,2006,WestEnd,2,Yes,481598.58
HOUSE_00379,3561,5,1.5,2002,SouthHills,2,No,933854.14
HOUSE_00380,2265,2,4.0,1997,Downtown,0,No,701240.29
HOUSE_00381,825,4,1.0,2005,SouthHills,2,Yes,462126.15
HOUSE_00382,4128,5,3.0,1962,Downtown,1,No,1153028.44
HOUSE_00383,3147,5,3.0,1978,Suburb,1,No,648255.34
HOUSE_00384,2826,3,3.0,1979,Downtown,0,No,842326.0
HOUSE_00385,1088,5,3.5,1984,WestEnd,1,No,337916.02
HOUSE_00386,4350,4,4.0,1970,SouthHills,2,No,1044773.32
HOUSE_00387,2258,5,4.0,2020,SouthHills,2,No,760656.74
HOUSE_00388,2424,4,1.0,2015,SouthHills,3,No,675298.49
HOUSE_00389,2821,4,2.0,1976,Northside,1,Yes,681738.16
HOUSE_00390,1728,1,3.5,2020,Northside,3,No,497948.83
HOUSE_00391,2642,3,1.0,2019,WestEnd,2,No,500680.45
HOUSE_00392,4234,2,1.5,2018,Suburb,1,Yes,765665.04
HOUSE_00393,781,1,2.5,2008,Northside,2,No,344783.49
HOUSE_00394,2260,2,3.5,2014,Downtown,2,No,772485.26
HOUSE_00395,1475,4,3.5,1994,WestEnd,1,No,412529.65
HOUSE_00396,3738,1,1.5,1973,Suburb,2,No,663282.2
HOUSE_00397,4176,5,1.5,2018,Downtown,2,No,1182361.19
HOUSE_00398,4285,5,2.5,1998,SouthHills,2,No,1043674.09
HOUSE_00399,977,2,3.0,2016,Northside,2,No,384891.46
HOUSE_00400,3587,4,3.5,1978,Downtown,1,No,982832.4
HOUSE_00401,2578,2,1.0,1962,Suburb,2,No,483061.02
HOUSE_00402,2971,3,2.0,1993,WestEnd,2,No,527584.12
HOUSE_00403,2307,5,1.5,2017,Downtown,1,No,775689.62
HOUSE_00404,3839,1,1.5,2008,WestEnd,0,No,573934.04
HOUSE_00405,4091,1,2.0,2000,SouthHills,2,No,952930.22
HOUSE_00406,1305,1,1.0,1981,Suburb,0,No,304784.17
HOUSE_00407,2766,5,1.5,1997,Suburb,2,Yes,599228.7
HOUSE_00408,1339,4,2.0,2015,Northside,3,No,456804.22
HOUSE_00409,4114,5,4.0,1986,Suburb,1,No,795348.34
HOUSE_00410,4365,5,1.5,1980,Downtown,0,Yes,1165327.8
HOUSE_00411,2489,1,3.0,2000,Downtown,1,Yes,773704.7
HOUSE_00412,2456,5,3.0,1990,Downtown,2,No,832310.25
HOUSE_00413,2066,1,1.5,1986,SouthHills,3,No,553528.53
HOUSE_00414,2844,4,4.0,1996,Suburb,1,No,627965.91
HOUSE_00415,3823,3,1.5,1961,Suburb,0,No,668689.19
HOUSE_00416,874,1,3.0,2013,Downtown,2,No,459885.77
HOUSE_00417,4109,2,4.0,2006,Northside,2,Yes,934765.04
HOUSE_00418,4465,3,1.5,1968,Northside,1,No,878070.82
HOUSE_00419,2076,4,4.0,1978,Suburb,2,No,545550.79
HOUSE_00420,4162,3,1.0,2001,Suburb,1,No,698835.65
HOUSE_00421,3886,1,1.0,1995,WestEnd,2,Yes,620341.23
HOUSE_00422,1047,4,2.5,1969,Suburb,1,No,351686.28
HOUSE_00423,700,2,1.0,2018,Downtown,1,No,403457.8
HOUSE_00424,762,1,3.5,1999,SouthHills,2,No,408241.35
HOUSE_00425,2483,1,4.0,2013,Suburb,1,No,514380.35
HOUSE_00426,925,4,3.5,2004,Suburb,1,Yes,348784.12
HOUSE_00427,3170,4,3.5,1998,Downtown,3,No,989262.21
HOUSE_00428,1742,3,1.5,1966,WestEnd,2,Yes,389758.93
HOUSE_00429,2778,2,1.5,1963,Suburb,1,No,532304.23
HOUSE_00430,1544,3,2.0,1974,Northside,2,No,433657.54
HOUSE_00431,3380,3,4.0,1971,Northside,2,No,789463.29
HOUSE_00432,723,1,3.5,2007,Northside,2,Yes,324394.69
HOUSE_00433,3584,4,3.5,1965,SouthHills,1,No,894514.11
HOUSE_00434,3730,1,1.0,2019,SouthHills,2,No,878859.99
HOUSE_00435,1934,2,3.0,1968,Suburb,2,No,423880.21
HOUSE_00436,2684,3,4.0,1994,Suburb,2,Yes,594557.5
HOUSE_00437,860,2,3.0,1967,Suburb,1,No,281147.39
HOUSE_00438,1978,4,4.0,1966,SouthHills,2,No,658085.86
HOUSE_00439,2294,4,4.0,1963,Suburb,0,No,495452.41
HOUSE_00440,2861,5,2.5,2017,Downtown,2,No,920674.89
HOUSE_00441,3251,2,2.0,1972,WestEnd,3,No,542289.79
HOUSE_00442,2652,1,3.0,1978,Northside,1,Yes,650350.78
HOUSE_00443,2395,2,2.5,2021,Northside,1,No,582871.95
HOUSE_00444,1654,3,1.0,1966,Downtown,2,No,565494.11
HOUSE_00445,3991,4,2.0,1969,Suburb,2,No,731872.07
HOUSE_00446,1056,4,2.0,1984,SouthHills,1,No,432244.73
HOUSE_00447,2916,2,3.5,2003,Suburb,2,No,615907.62
HOUSE_00448,4295,2,4.0,2017,Suburb,2,No,819207.04
HOUSE_00449,1668,2,4.0,1994,Northside,2,No,502170.62
HOUSE_00450,941,3,1.5,2022,Northside,2,No,381190.17
HOUSE_00451,4146,3,4.0,2017,SouthHills,1,No,1015729.48
HOUSE_00452,838,1,4.0,1984,Northside,3,No,384500.43
HOUSE_00453,2844,2,4.0,1988,Suburb,1,No,587642.82
HOUSE_00454,846,1,3.5,2015,Downtown,1,No,445565.07
HOUSE_00455,3953,5,1.0,1971,SouthHills,1,Yes,969588.78
HOUSE_00456,1780,3,4.0,2010,Downtown,2,No,715151.4
HOUSE_00457,1765,4,3.5,2006,Suburb,2,No,501041.98
HOUSE_00458,3613,5,2.0,1999,SouthHills,0,No,907554.68
HOUSE_00459,4482,4,3.5,1971,Downtown,2,No,1229763.39
HOUSE_00460,1242,5,4.0,2011,SouthHills,2,Yes,638512.4
HOUSE_00461,1391,1,2.5,1965,Suburb,2,Yes,353066.62
HOUSE_00462,1725,1,3.5,2019,SouthHills,2,No,596083.8
HOUSE_00463,4059,3,3.0,1969,Suburb,1,Yes,739197.33
HOUSE_00464,1861,4,1.0,1961,SouthHills,1,No,528457.89
HOUSE_00465,2340,5,1.0,2015,SouthHills,2,No,692412.61
HOUSE_00466,4283,2,2.0,2004,Northside,1,No,850353.45
HOUSE_00467,3651,2,3.5,1984,Suburb,1,No,664744.82
HOUSE_00468,1429,3,2.0,1966,WestEnd,2,No,332163.71
HOUSE_00469,3993,4,2.0,1999,SouthHills,2,No,972151.52
HOUSE_00470,3078,2,2.5,1982,Downtown,2,No,864312.55
HOUSE_00471,3364,3,1.5,2007,Northside,1,Yes,737958.91
HOUSE_00472,1103,3,2.0,1970,Northside,1,No,395714.69
HOUSE_00473,3255,4,1.5,2017,SouthHills,2,No,826146.39
HOUSE_00474,2639,2,1.5,1995,WestEnd,0,No,444897.77
HOUSE_00475,1850,2,1.0,2008,Northside,1,Yes,515122.61
HOUSE_00476,4036,2,3.0,2007,Suburb,1,No,746584.85
HOUSE_00477,2435,1,3.0,2010,SouthHills,2,Yes,716581.87
HOUSE_00478,1738,2,3.5,1982,SouthHills,1,No,546674.45
HOUSE_00479,2973,5,2.5,2018,WestEnd,1,Yes,583799.43
HOUSE_00480,3731,1,2.5,2002,Suburb,0,No,633689.73
HOUSE_00481,3612,1,3.0,1966,Suburb,0,Yes,649113.58
HOUSE_00482,3876,1,3.5,1986,WestEnd,1,No,617339.18
HOUSE_00483,1444,1,4.0,1972,Downtown,1,No,549557.34
HOUSE_00484,3240,3,3.0,2010,Suburb,2,No,639035.82
HOUSE_00485,1018,5,3.5,1976,Downtown,1,No,512002.14
HOUSE_00486,1942,4,3.5,1991,Downtown,1,No,735665.36
HOUSE_00487,4048,2,3.5,1985,SouthHills,1,No,982560.85
HOUSE_00488,1472,1,3.5,2016,SouthHills,1,No,529593.78
HOUSE_00489,2616,4,1.0,2019,Northside,0,No,618125.55
HOUSE_00490,4112,3,1.0,1981,SouthHills,0,No,917041.53
HOUSE_00491,3199,4,3.0,1972,Suburb,1,Yes,643830.66
HOUSE_00492,4140,1,3.5,2020,Suburb,3,No,759507.13
HOUSE_00493,1643,5,2.0,1971,Downtown,1,No,645724.4
HOUSE_00494,3595,4,3.5,1966,Suburb,3,Yes,768727.33
HOUSE_00495,3764,1,2.0,1960,SouthHills,1,No,839124.44
HOUSE_00496,2714,1,1.0,1992,SouthHills,1,No,653767.76
HOUSE_00497,4245,2,3.5,2011,SouthHills,2,No,1042931.79
HOUSE_00498,1913,2,1.5,2014,WestEnd,0,No,371279.4
HOUSE_00499,3631,5,3.0,1973,Suburb,1,No,707790.62
HOUSE_00500,1118,2,3.5,2018,Northside,3,No,440595.61
HOUSE_00501,4481,5,2.5,2006,Suburb,1,No,807091.95
HOUSE_00502,1564,3,2.0,2002,Suburb,0,Yes,401747.78
HOUSE_00503,1488,3,4.0,2015,WestEnd,0,No,372291.01
HOUSE_00504,2571,2,4.0,2017,Suburb,3,Yes,562106.19
HOUSE_00505,1194,3,3.5,2000,Downtown,2,No,570199.24
HOUSE_00506,1762,4,1.5,1976,SouthHills,1,No,587656.19
HOUSE_00507,2909,4,2.0,1963,SouthHills,1,No,743221.36
HOUSE_00508,2725,4,1.5,2011,WestEnd,2,No,511446.27
HOUSE_00509,2868,3,4.0,2010,SouthHills,1,No,789271.25
HOUSE_00510,3146,4,3.0,1998,Downtown,1,No,920325.81
HOUSE_00511,4033,5,4.0,1960,WestEnd,2,Yes,715745.35
HOUSE_00512,2685,1,3.0,2000,Northside,1,No,630526.28
HOUSE_00513,1427,2,3.0,2004,SouthHills,2,No,515517.44
HOUSE_00514,1260,5,1.0,1983,Suburb,2,No,360821.61
HOUSE_00515,3351,4,4.0,1993,Downtown,2,No,1030416.72
HOUSE_00516,1852,1,4.0,1993,Downtown,1,No,651493.75
HOUSE_00517,1239,2,1.5,1983,SouthHills,1,No,426226.93
HOUSE_00518,3103,5,3.5,2018,Northside,1,No,791887.3
HOUSE_00519,1359,2,2.5,2021,Suburb,1,No,392285.42
HOUSE_00520,3179,3,2.5,1974,Northside,1,No,729889.32
HOUSE_00521,2563,4,3.0,1976,Northside,1,No,614871.03
HOUSE_00522,3836,5,2.5,1972,SouthHills,0,No,950480.6
HOUSE_00523,3989,5,2.0,1966,Suburb,1,No,759661.81
HOUSE_00524,3310,1,1.5,1968,SouthHills,1,No,726112.19
HOUSE_00525,2150,1,1.5,2003,SouthHills,2,No,589013.3
HOUSE_00526,1516,1,1.5,2022,Downtown,2,No,539357.19
HOUSE_00527,2644,2,2.0,1994,SouthHills,1,No,686011.97
HOUSE_00528,3845,4,3.5,1982,WestEnd,2,No,686450.61
HOUSE_00529,4231,2,1.0,2013,Suburb,2,No,709074.76
HOUSE_00530,4196,4,2.0,2006,Downtown,1,No,1127825.78
HOUSE_00531,3458,5,1.5,1998,Suburb,0,No,643550.92
HOUSE_00532,1915,2,1.5,1982,Downtown,1,No,624737.55
HOUSE_00533,3960,2,4.0,1985,WestEnd,1,No,661141.82
HOUSE_00534,711,2,1.5,1960,SouthHills,0,Yes,327835.56
HOUSE_00535,2986,3,3.5,1973,Downtown,3,No,904829.89
HOUSE_00536,2595,4,2.5,1991,Downtown,1,No,860962.59
HOUSE_00537,4364,4,1.0,2010,Downtown,2,No,1152981.99
HOUSE_00538,3200,2,2.0,2007,WestEnd,1,No,512915.82
HOUSE_00539,3130,3,1.5,1969,Suburb,0,No,553221.64
HOUSE_00540,3529,2,4.0,1960,WestEnd,0,No,588878.08
HOUSE_00541,747,4,4.0,1964,Downtown,2,No,477671.53
HOUSE_00542,3064,5,3.0,1962,Downtown,1,Yes,943817.85
HOUSE_00543,2956,3,1.0,2008,SouthHills,1,No,761296.66
HOUSE_00544,2270,3,4.0,2009,WestEnd,3,No,511958.37
HOUSE_00545,3890,2,3.0,2017,WestEnd,1,Yes,652803.27
HOUSE_00546,1276,5,1.0,2012,Northside,0,No,438679.39
HOUSE_00547,3062,4,1.5,1986,Suburb,1,Yes,603454.92
HOUSE_00548,1453,1,1.0,2010,Northside,2,No,434645.74
HOUSE_00549,1759,4,1.0,2013,Northside,1,Yes,526411.82
HOUSE_00550,4234,4,1.5,2016,Suburb,0,Yes,780195.27
HOUSE_00551,3662,5,3.5,1981,SouthHills,1,No,943298.54
HOUSE_00552,3502,3,4.0,1977,SouthHills,0,No,868769.27
HOUSE_00553,1253,4,3.0,1975,Suburb,2,Yes,368447.03
HOUSE_00554,4352,3,3.5,1961,Suburb,2,No,782046.38
HOUSE_00555,1102,5,3.0,2006,WestEnd,0,No,333249.08
HOUSE_00556,1830,5,2.5,1972,WestEnd,1,No,374450.17
HOUSE_00557,2786,2,4.0,2004,WestEnd,1,No,536754.91
HOUSE_00558,3328,1,3.0,1975,WestEnd,2,No,551670.31
HOUSE_00559,2927,5,3.0,1967,Downtown,1,No,918256.82
HOUSE_00560,2759,5,1.0,2002,Downtown,1,No,819658.11
HOUSE_00561,4110,3,2.5,1967,SouthHills,3,No,1009630.57
HOUSE_00562,3690,5,1.5,2013,Downtown,0,No,1011257.44
HOUSE_00563,4487,4,1.5,1969,Downtown,3,Yes,1208246.87
HOUSE_00564,1247,2,2.0,2014,WestEnd,0,No,302724.07
HOUSE_00565,1849,2,2.5,1992,WestEnd,1,Yes,400331.09
HOUSE_00566,762,4,1.0,1990,Suburb,1,No,284474.42
HOUSE_00567,1543,5,2.0,1971,WestEnd,0,No,319400.13
HOUSE_00568,3853,1,2.0,1968,Suburb,0,No,641990.02
HOUSE_00569,1708,5,1.5,1996,Suburb,1,No,429966.41
HOUSE_00570,2542,2,3.0,1968,Downtown,3,No,756475.34
HOUSE_00571,2731,1,1.0,2007,WestEnd,1,Yes,485728.47
HOUSE_00572,2022,3,2.5,1977,Downtown,2,No,670407.64
HOUSE_00573,2781,3,2.0,1989,WestEnd,2,No,520875.93
HOUSE_00574,1451,5,1.0,1991,Downtown,2,Yes,621243.13
HOUSE_00575,4380,5,1.5,1999,Downtown,2,No,1168042.93
HOUSE_00576,748,1,2.0,1982,Downtown,1,No,385892.46
HOUSE_00577,1357,1,2.0,1970,SouthHills,0,No,442388.61
HOUSE_00578,2360,5,3.5,2021,Downtown,1,Yes,872753.12
HOUSE_00579,1400,2,1.5,1979,Northside,1,No,417997.95
HOUSE_00580,1780,3,3.5,1978,Northside,0,No,495349.72
HOUSE_00581,2856,1,1.5,1995,Northside,0,No,613895.79
HOUSE_00582,2240,2,1.5,2011,Suburb,3,No,482730.41
HOUSE_00583,3732,5,3.5,1985,Downtown,3,No,1147238.05
HOUSE_00584,2771,4,4.0,1969,Northside,0,No,693075.53
HOUSE_00585,2968,1,1.0,1983,Suburb,1,No,534785.21
HOUSE_00586,2683,4,1.0,1972,Northside,0,No,550172.32
HOUSE_00587,1014,2,4.0,2020,WestEnd,1,No,325944.7
HOUSE_00588,3041,3,1.0,2011,SouthHills,1,No,738071.21
HOUSE_00589,3781,2,3.0,2005,Downtown,3,No,1067334.55
HOUSE_00590,2400,3,2.0,2012,SouthHills,0,No,681744.99
HOUSE_00591,3767,2,1.0,1993,SouthHills,1,No,869751.95
HOUSE_00592,4252,1,3.0,1988,WestEnd,0,No,665094.82
HOUSE_00593,4498,1,2.0,1995,WestEnd,3,Yes,710022.58
HOUSE_00594,1717,4,1.0,1966,WestEnd,3,No,346030.19
HOUSE_00595,1337,2,1.5,2010,Suburb,2,No,343484.95
HOUSE_00596,3014,2,4.0,1989,Northside,1,No,696370.74
HOUSE_00597,2835,4,2.5,2021,Downtown,1,No,880906.91
HOUSE_00598,3202,5,1.0,1976,WestEnd,1,No,569632.3
HOUSE_00599,2349,2,2.5,2007,Downtown,1,No,747254.4
HOUSE_00600,4304,2,1.0,1972,Downtown,2,No,1107539.05
HOUSE_00601,3919,2,1.5,2015,Downtown,1,No,1001400.83
HOUSE_00602,3504,5,4.0,1983,WestEnd,1,No,657652.42
HOUSE_00603,3178,1,4.0,2013,WestEnd,2,No,585613.41
HOUSE_00604,2475,4,2.5,2014,Northside,1,No,630951.88
HOUSE_00605,2666,5,3.0,1990,WestEnd,2,Yes,537106.61
HOUSE_00606,3658,3,1.5,2017,WestEnd,1,Yes,611648.37
HOUSE_00607,2663,3,2.5,1986,Downtown,0,No,773203.99
HOUSE_00608,2467,5,2.5,2009,Northside,1,No,676360.02
HOUSE_00609,941,5,3.5,1980,SouthHills,3,Yes,549583.51
HOUSE_00610,1401,1,3.5,2003,WestEnd,1,No,351025.81
HOUSE_00611,3649,3,1.5,2014,WestEnd,1,No,600709.13
HOUSE_00612,1440,4,1.5,2022,SouthHills,0,No,499131.67
HOUSE_00613,2813,2,1.5,2016,Downtown,2,No,826220.04
HOUSE_00614,3719,2,2.0,1960,Northside,2,No,765970.38
HOUSE_00615,3125,1,3.0,1974,Downtown,1,Yes,889371.47
HOUSE_00616,3135,1,1.0,1962,Suburb,1,Yes,568905.4
HOUSE_00617,2514,3,3.5,1965,WestEnd,3,No,478455.1
HOUSE_00618,1480,4,4.0,1973,Suburb,2,No,439621.17
HOUSE_00619,2956,4,4.0,2014,WestEnd,2,No,580119.6
HOUSE_00620,4186,5,2.5,1997,Suburb,1,No,767599.91
HOUSE_00621,715,1,3.5,1992,SouthHills,1,Yes,409156.29
HOUSE_00622,4068,2,1.0,2011,WestEnd,2,No,668980.29
HOUSE_00623,1685,2,1.5,1997,WestEnd,1,No,368445.25
HOUSE_00624,3991,3,4.0,1967,Suburb,1,No,735190.93
HOUSE_00625,1066,2,3.5,1985,Northside,0,No,387873.15
HOUSE_00626,3527,4,3.0,1974,Suburb,1,Yes,716071.96
HOUSE_00627,1952,4,3.0,1973,WestEnd,2,Yes,451608.09
HOUSE_00628,4402,1,2.0,2007,WestEnd,3,Yes,709981.09
HOUSE_00629,3187,3,3.5,1979,Northside,0,No,721935.67
HOUSE_00630,1389,2,1.5,2014,Downtown,2,No,584870.42
HOUSE_00631,4303,1,2.5,2007,Northside,2,No,879043.71
HOUSE_00632,4221,5,2.0,2018,Downtown,2,No,1151702.42
HOUSE_00633,1759,5,1.5,1978,WestEnd,2,No,375787.72
HOUSE_00634,1546,2,2.0,2015,SouthHills,3,No,534343.55
HOUSE_00635,1121,2,3.5,1992,SouthHills,3,No,463731.09
HOUSE_00636,2343,2,1.0,1995,Suburb,1,No,460758.68
HOUSE_00637,1912,4,4.0,1983,Northside,2,No,615551.79
HOUSE_00638,3949,2,3.5,1969,Northside,1,Yes,842590.21
HOUSE_00639,1307,5,1.5,2011,SouthHills,1,Yes,518528.9
HOUSE_00640,2038,2,2.5,2009,Downtown,1,No,670811.59
HOUSE_00641,719,3,2.5,1993,Northside,0,No,319504.92
HOUSE_00642,1375,5,1.5,1995,Downtown,2,No,568801.11
HOUSE_00643,1081,3,2.0,2006,Downtown,1,No,469585.43
HOUSE_00644,1308,5,3.0,2020,Downtown,2,No,657380.52
HOUSE_00645,2890,1,1.5,1995,Downtown,2,No,808553.75
HOUSE_00646,761,5,4.0,1975,Suburb,2,Yes,369448.68
HOUSE_00647,1965,5,3.5,1974,Suburb,1,No,472347.72
HOUSE_00648,2985,3,2.5,1977,SouthHills,1,No,757436.05
HOUSE_00649,1854,3,1.0,1966,Suburb,1,No,376513.35
HOUSE_00650,2328,5,2.5,2006,Northside,1,No,612081.32
HOUSE_00651,2326,5,3.0,1981,Suburb,2,No,583587.34
HOUSE_00652,4416,4,2.5,1991,Northside,2,No,936813.38
HOUSE_00653,1846,1,3.0,2002,Northside,0,No,466759.71
HOUSE_00654,2163,1,4.0,1978,Downtown,2,No,727379.64
HOUSE_00655,1626,2,1.5,1999,SouthHills,0,No,467184.22
HOUSE_00656,3089,5,2.5,2015,Downtown,1,No,940442.75
HOUSE_00657,2142,5,2.0,1960,Downtown,2,Yes,728056.91
HOUSE_00658,2353,5,3.5,1994,Suburb,0,No,565782.24
HOUSE_00659,3202,5,2.0,1964,Suburb,2,Yes,655934.87
HOUSE_00660,3969,1,3.5,2009,Northside,2,No,831338.24
HOUSE_00661,981,3,2.5,1971,Suburb,2,No,336438.83
HOUSE_00662,1585,4,4.0,1971,Suburb,1,No,417571.01
HOUSE_00663,1724,3,2.5,1980,WestEnd,1,Yes,376091.18
HOUSE_00664,1422,3,3.5,2018,Northside,1,No,471765.14
HOUSE_00665,2498,1,4.0,2017,Northside,3,No,626586.68
HOUSE_00666,4103,4,1.0,1978,WestEnd,0,No,620144.92
HOUSE_00667,1935,5,4.0,2022,Northside,1,No,600223.16
HOUSE_00668,786,1,2.5,1968,SouthHills,2,No,351858.26
HOUSE_00669,1364,1,1.0,2002,SouthHills,2,Yes,446106.58
HOUSE_00670,1561,4,1.0,2008,WestEnd,2,No,358161.06
HOUSE_00671,2422,2,3.5,2007,Suburb,3,No,560103.01
HOUSE_00672,2808,1,1.0,1995,SouthHills,1,No,685478.85
HOUSE_00673,3544,3,1.0,2001,WestEnd,1,No,563655.52
HOUSE_00674,2842,3,1.5,2013,SouthHills,0,No,720825.89
HOUSE_00675,1485,5,4.0,2006,Downtown,1,No,664599.24
HOUSE_00676,2276,1,2.0,2016,WestEnd,2,Yes,425993.48
HOUSE_00677,3918,5,1.0,2010,Northside,1,No,826849.15
HOUSE_00678,4017,1,2.0,1991,SouthHills,2,No,935432.11
HOUSE_00679,2367,4,1.0,2022,Northside,0,No,589236.07
HOUSE_00680,3708,1,2.0,1994,WestEnd,1,Yes,609316.06
HOUSE_00681,3044,2,2.5,1990,SouthHills,2,Yes,764798.12
HOUSE_00682,3894,3,2.5,2019,Northside,1,No,823758.77
HOUSE_00683,4426,4,2.0,2012,Suburb,2,No,815574.7
HOUSE_00684,1393,3,4.0,2014,Suburb,3,No,470692.07
HOUSE_00685,4475,5,1.0,1991,Downtown,2,Yes,1212137.92
HOUSE_00686,4227,4,1.5,2021,WestEnd,1,No,685363.71
HOUSE_00687,3146,2,4.0,1996,Northside,3,No,750847.27
HOUSE_00688,4490,3,2.0,1991,Downtown,0,No,1109222.53
HOUSE_00689,3693,1,4.0,2002,WestEnd,2,No,632801.68
HOUSE_00690,1954,1,3.0,2015,Suburb,0,No,405872.74
HOUSE_00691,1233,1,1.5,1996,Northside,1,Yes,386347.65
HOUSE_00692,1101,4,3.0,1998,SouthHills,3,No,513027.9
HOUSE_00693,4363,2,2.0,1997,Suburb,1,No,752641.37
HOUSE_00694,829,2,1.0,1989,SouthHills,2,Yes,363578.67
HOUSE_00695,3039,2,4.0,2017,SouthHills,1,No,807187.52
HOUSE_00696,975,3,4.0,1991,Northside,2,No,431497.25
HOUSE_00697,3659,4,3.0,2004,Northside,3,Yes,876097.44
HOUSE_00698,2558,1,4.0,1961,SouthHills,1,No,669380.47
HOUSE_00699,4147,3,2.0,2010,Downtown,2,Yes,1128131.6
HOUSE_00700,3673,2,1.5,1970,SouthHills,2,No,868475.58
HOUSE_00701,754,1,1.0,2018,SouthHills,3,No,357568.53
HOUSE_00702,4349,4,3.0,1979,Northside,1,No,893042.35
HOUSE_00703,3486,5,4.0,1996,WestEnd,2,No,646888.28
HOUSE_00704,3797,2,2.0,1968,Suburb,1,Yes,671941.06
HOUSE_00705,4212,2,1.0,1997,Northside,1,Yes,858122.83
HOUSE_00706,1464,2,1.0,2008,Downtown,0,Yes,560109.14
HOUSE_00707,1920,2,2.5,1978,Suburb,2,No,419254.89
HOUSE_00708,1341,1,1.0,2014,Northside,2,No,391943.14
HOUSE_00709,4014,4,2.0,1999,Northside,1,No,853307.72
HOUSE_00710,2547,3,1.5,1966,WestEnd,2,No,419191.59
HOUSE_00711,1423,1,3.5,1964,Downtown,2,No,561295.1
HOUSE_00712,1913,4,2.5,2006,Downtown,1,No,727729.06
HOUSE_00713,1501,3,2.0,2001,Northside,3,No,477288.65
HOUSE_00714,1437,2,2.0,1983,WestEnd,1,No,342951.16
HOUSE_00715,1457,4,2.0,2007,Northside,0,Yes,453145.9
HOUSE_00716,2291,2,3.0,2000,SouthHills,0,No,625487.24
HOUSE_00717,3314,4,4.0,1966,SouthHills,2,No,889982.38
HOUSE_00718,1999,5,3.0,1970,WestEnd,3,No,440114.76
HOUSE_00719,2541,2,1.5,1968,Northside,1,No,563599.76
HOUSE_00720,4180,2,2.0,2008,WestEnd,0,No,663380.74
HOUSE_00721,1039,2,4.0,1989,Northside,1,Yes,409760.83
HOUSE_00722,852,1,3.0,2000,Northside,2,No,368963.35
HOUSE_00723,2288,3,3.0,1962,SouthHills,2,No,628280.71
HOUSE_00724,2121,2,3.0,1981,Suburb,3,Yes,501280.23
HOUSE_00725,2167,2,1.5,1999,Downtown,2,No,678087.22
HOUSE_00726,4394,1,1.5,2010,Downtown,2,No,1088138.76
HOUSE_00727,3751,1,2.0,1979,WestEnd,1,No,569407.36
HOUSE_00728,1126,5,2.5,1991,Downtown,1,No,571326.61
HOUSE_00729,3750,4,2.0,2007,SouthHills,2,No,962943.77
HOUSE_00730,4258,2,3.0,1966,Suburb,1,No,755024.62
HOUSE_00731,2951,4,3.5,2019,Northside,1,No,749845.82
HOUSE_00732,1835,1,4.0,1966,Northside,1,No,480423.33
HOUSE_00733,3072,1,3.0,1979,SouthHills,1,No,736213.87
HOUSE_00734,4029,5,1.0,1984,Downtown,2,Yes,1105547.18
HOUSE_00735,1649,3,3.5,2004,Northside,2,Yes,534683.68
HOUSE_00736,4299,1,3.5,1994,Downtown,0,Yes,1121432.73
HOUSE_00737,3698,2,4.0,2003,SouthHills,2,No,951031.5
HOUSE_00738,2073,5,2.0,1983,Northside,1,No,565409.2
HOUSE_00739,2730,3,3.0,1999,WestEnd,2,No,515933.09
HOUSE_00740,3686,5,3.0,1972,Suburb,1,No,709534.6
HOUSE_00741,1656,1,2.5,2011,Downtown,2,Yes,651584.6
HOUSE_00742,2401,3,1.0,2007,Downtown,2,Yes,751843.19
HOUSE_00743,3641,4,2.0,1998,Downtown,2,Yes,1075050.12
HOUSE_00744,3182,3,1.5,1963,Downtown,2,No,838368.7
HOUSE_00745,4197,2,2.0,2020,SouthHills,2,Yes,1010538.88
HOUSE_00746,2003,4,3.5,1971,SouthHills,0,No,647090.56
HOUSE_00747,1070,4,2.0,1976,SouthHills,2,No,457665.15
HOUSE_00748,4441,2,2.5,1960,SouthHills,1,No,983775.45
HOUSE_00749,3680,4,2.0,2021,Northside,1,No,827945.77
HOUSE_00750,2996,1,2.5,1976,SouthHills,1,No,741261.87
HOUSE_00751,3638,3,3.5,1961,Northside,3,Yes,852385.07
HOUSE_00752,2928,3,2.5,1965,WestEnd,1,No,505882.53
HOUSE_00753,1402,2,4.0,2003,SouthHills,1,Yes,573254.01
HOUSE_00754,3746,1,4.0,2017,WestEnd,3,Yes,659008.77
HOUSE_00755,2374,4,3.0,1970,SouthHills,2,No,689258.69
HOUSE_00756,2825,3,1.5,2012,WestEnd,0,No,523762.03
HOUSE_00757,3666,3,3.5,2002,Suburb,3,No,717979.51
HOUSE_00758,3632,3,2.5,1977,WestEnd,1,Yes,583059.8
HOUSE_00759,3083,3,1.0,1999,Northside,2,No,701256.91
HOUSE_00760,749,5,3.5,1984,Downtown,2,No,536707.44
HOUSE_00761,2832,2,1.0,1998,WestEnd,1,No,469614.49
HOUSE_00762,4466,4,1.5,1987,Downtown,2,No,1128136.8
HOUSE_00763,3442,4,2.5,2005,Suburb,1,No,670067.08
HOUSE_00764,2751,2,3.5,1975,Suburb,1,No,592709.42
HOUSE_00765,1692,1,3.5,2022,Northside,2,No,506214.06
HOUSE_00766,3064,2,1.5,2022,Northside,1,Yes,714504.44
HOUSE_00767,1834,3,3.0,1971,WestEnd,3,No,425653.62
HOUSE_00768,2057,3,1.0,2000,SouthHills,1,No,598708.28
HOUSE_00769,2574,2,3.5,2011,Suburb,0,No,571092.54
HOUSE_00770,1462,2,2.0,1988,Downtown,2,No,569194.18
HOUSE_00771,3904,4,1.0,1982,SouthHills,1,Yes,941747.09
HOUSE_00772,3359,4,2.5,1980,Suburb,0,No,616661.26
HOUSE_00773,1704,5,1.5,1975,WestEnd,1,Yes,405585.86
HOUSE_00774,3661,5,1.0,2012,Suburb,3,No,708580.86
HOUSE_00775,4455,3,2.0,2010,Northside,1,No,921172.15
HOUSE_00776,3546,5,4.0,2007,Downtown,1,Yes,1093184.33
HOUSE_00777,2866,5,2.0,2000,Downtown,1,No,874124.98
HOUSE_00778,1049,1,1.5,2004,Northside,0,No,323446.87
HOUSE_00779,3664,2,1.5,1985,SouthHills,0,Yes,846169.26
HOUSE_00780,1386,4,4.0,1996,Northside,2,No,502361.49
HOUSE_00781,1241,5,1.0,1981,Downtown,3,No,567499.4
HOUSE_00782,3826,4,2.5,2010,WestEnd,1,Yes,703876.49
HOUSE_00783,1060,5,3.0,1969,SouthHills,1,Yes,492889.42
HOUSE_00784,3455,5,2.0,1966,Suburb,3,No,698119.87
HOUSE_00785,4224,3,1.5,1968,WestEnd,1,No,612401.7
HOUSE_00786,4324,1,3.0,1984,SouthHills,1,No,980314.29
HOUSE_00787,3432,2,3.0,2005,Downtown,3,No,993843.69
HOUSE_00788,3077,2,3.0,1974,Downtown,2,No,899147.41
HOUSE_00789,2966,3,2.5,1972,WestEnd,1,No,507649.76
HOUSE_00790,2955,3,1.5,2001,SouthHills,1,No,755905.64
HOUSE_00791,2393,2,2.0,2005,Suburb,0,Yes,525845.51
HOUSE_00792,3592,2,1.5,1985,Suburb,1,No,613720.89
HOUSE_00793,784,1,1.0,1980,Northside,2,Yes,276882.62
HOUSE_00794,1384,5,2.0,1982,WestEnd,2,Yes,400877.32
HOUSE_00795,944,1,1.5,2020,SouthHills,2,No,370994.8
HOUSE_00796,3619,2,2.0,2003,WestEnd,1,Yes,616111.12
HOUSE_00797,3770,5,1.0,1987,Suburb,1,No,726986.58
HOUSE_00798,4456,2,3.5,2020,SouthHills,0,No,1057354.87
HOUSE_00799,2058,1,2.0,2010,Downtown,2,Yes,678483.92
HOUSE_00800,3983,1,3.5,1997,Downtown,2,Yes,1079847.64
HOUSE_00801,1295,1,3.0,1971,SouthHills,1,No,428237.52
HOUSE_00802,3432,5,4.0,1983,WestEnd,1,No,631243.93
HOUSE_00803,3954,4,2.5,1972,WestEnd,2,No,653027.51
HOUSE_00804,1856,4,1.0,1999,Downtown,1,No,656389.45
HOUSE_00805,3761,2,2.0,2007,Downtown,1,No,1008864.29
HOUSE_00806,3761,5,1.0,1961,Suburb,1,No,665186.55
HOUSE_00807,2523,3,3.0,2013,SouthHills,1,No,736129.22
HOUSE_00808,2497,4,3.5,1998,WestEnd,2,No,539308.53
HOUSE_00809,1049,5,2.5,1971,Suburb,2,No,356620.49
HOUSE_00810,3029,5,1.0,1998,WestEnd,2,No,554383.47
HOUSE_00811,3040,4,3.5,2010,Downtown,2,No,942697.71
HOUSE_00812,1992,5,3.0,1973,SouthHills,3,No,667923.55
HOUSE_00813,2584,5,3.0,1989,Northside,1,No,647529.9
HOUSE_00814,3968,4,3.0,2000,SouthHills,1,No,1006707.22
HOUSE_00815,2260,1,4.0,2009,Northside,1,Yes,599158.04
HOUSE_00816,4424,2,3.5,2002,Suburb,0,No,787262.65
HOUSE_00817,1683,3,2.0,2007,Northside,2,No,504366.44
HOUSE_00818,2767,2,1.5,1978,Northside,2,Yes,699881.4
HOUSE_00819,3506,1,1.0,1990,Suburb,2,No,607814.78
HOUSE_00820,2563,1,4.0,2002,SouthHills,1,No,694536.39
HOUSE_00821,2679,5,1.5,2009,Suburb,0,Yes,577782.04
HOUSE_00822,2436,2,3.0,2002,Downtown,1,No,746346.73
HOUSE_00823,3152,1,1.5,1984,Downtown,2,No,834417.57
HOUSE_00824,1838,2,3.5,1963,Northside,1,No,508995.36
HOUSE_00825,2618,1,3.0,2009,Suburb,0,Yes,530378.62
HOUSE_00826,1400,3,4.0,2010,Suburb,1,Yes,449965.48
HOUSE_00827,3727,1,3.0,1972,Suburb,3,No,693577.07
HOUSE_00828,2773,2,2.5,1995,SouthHills,2,No,741638.72
HOUSE_00829,1265,5,2.5,2022,WestEnd,3,Yes,415036.16
HOUSE_00830,4453,2,4.0,2021,WestEnd,2,No,732432.78
HOUSE_00831,1094,4,3.5,2001,WestEnd,1,No,300261.68
HOUSE_00832,2656,2,3.5,2020,SouthHills,0,Yes,759616.74
HOUSE_00833,3748,3,1.5,2013,Suburb,1,No,683718.26
HOUSE_00834,4152,3,4.0,1996,WestEnd,2,No,697375.19
HOUSE_00835,1222,3,1.0,1962,Suburb,2,No,335687.81
HOUSE_00836,2262,1,4.0,1975,Northside,1,Yes,603555.51
HOUSE_00837,3609,3,1.5,1985,WestEnd,0,No,575772.83
HOUSE_00838,1806,2,3.5,1999,Northside,2,No,525749.49
HOUSE_00839,3549,5,1.0,2015,SouthHills,1,No,911138.04
HOUSE_00840,1249,3,4.0,1998,Downtown,2,No,572671.85
HOUSE_00841,2168,2,1.5,1978,SouthHills,1,No,574685.23
HOUSE_00842,2834,1,2.0,2005,SouthHills,1,No,725785.75
HOUSE_00843,1532,1,2.0,1974,SouthHills,1,No,470243.95
HOUSE_00844,1086,5,1.0,1991,WestEnd,2,Yes,328578.47
HOUSE_00845,1662,5,2.5,2008,Northside,1,No,528078.32
HOUSE_00846,3415,2,1.0,1980,WestEnd,1,Yes,546967.25
HOUSE_00847,2121,5,1.5,1960,Downtown,2,Yes,746219.05
HOUSE_00848,985,5,3.0,1965,SouthHills,0,No,456635.0
HOUSE_00849,3445,1,2.0,1986,Suburb,0,No,622038.63
HOUSE_00850,4465,2,3.0,1982,Downtown,2,Yes,1209036.31
HOUSE_00851,3712,5,2.0,2006,Northside,0,No,835993.35
HOUSE_00852,1068,2,1.5,1990,Downtown,1,No,417160.51
HOUSE_00853,3402,3,2.0,1971,WestEnd,3,No,540534.18
HOUSE_00854,2145,1,1.0,1980,Suburb,2,No,387550.73
HOUSE_00855,2441,1,3.0,2011,WestEnd,2,No,484393.02
HOUSE_00856,3401,1,3.5,1961,SouthHills,2,Yes,874166.37
HOUSE_00857,3444,4,3.0,1964,SouthHills,1,No,857270.34
HOUSE_00858,2166,2,1.5,1968,Downtown,1,Yes,671007.91
HOUSE_00859,2476,3,3.5,1979,SouthHills,1,No,709981.59
HOUSE_00860,2243,5,3.0,2005,SouthHills,3,Yes,752630.51
HOUSE_00861,3771,3,4.0,1977,Northside,1,No,814074.42
HOUSE_00862,4355,2,1.5,2020,Northside,1,No,859087.63
HOUSE_00863,1614,1,4.0,2022,WestEnd,3,No,384436.92
HOUSE_00864,987,4,2.5,1981,WestEnd,2,No,309073.44
HOUSE_00865,794,2,1.0,1967,Northside,3,No,338660.75
HOUSE_00866,3416,2,2.0,1993,Downtown,2,No,918108.0
HOUSE_00867,2788,5,4.0,1968,Northside,1,No,704133.93
HOUSE_00868,1030,3,2.0,1966,WestEnd,2,Yes,315311.08
HOUSE_00869,2536,3,2.0,1989,Suburb,1,Yes,552602.97
HOUSE_00870,2504,5,2.5,2020,SouthHills,1,Yes,769094.22
HOUSE_00871,1878,4,1.0,1977,Suburb,2,Yes,467535.59
HOUSE_00872,3251,1,3.0,1986,Suburb,2,No,622343.52
HOUSE_00873,974,1,4.0,1975,SouthHills,2,No,420452.34
HOUSE_00874,4437,4,3.0,1980,Northside,3,No,929548.97
HOUSE_00875,2288,5,1.0,1964,Downtown,2,No,709268.32
HOUSE_00876,2926,2,3.5,2014,Suburb,0,Yes,622983.4
HOUSE_00877,2656,3,1.0,1988,Downtown,2,No,802463.15
HOUSE_00878,2475,2,2.0,2006,WestEnd,2,No,461988.59
HOUSE_00879,2884,3,3.0,1996,Suburb,3,No,635856.3
HOUSE_00880,1466,2,1.0,2002,WestEnd,1,No,312061.15
HOUSE_00881,1687,5,3.0,2021,Northside,1,No,522447.31
HOUSE_00882,2459,5,1.0,1981,Suburb,2,No,522301.59
HOUSE_00883,1903,4,1.5,1973,WestEnd,1,No,413535.42
HOUSE_00884,3953,2,4.0,2016,WestEnd,2,No,665244.62
HOUSE_00885,4030,2,2.0,1978,Northside,1,No,806272.86
HOUSE_00886,2990,4,1.0,1994,Downtown,1,Yes,906981.42
HOUSE_00887,1819,4,2.5,1983,Downtown,2,No,692326.25
HOUSE_00888,896,5,1.0,2001,Suburb,1,No,321799.67
HOUSE_00889,1225,5,1.5,2019,Northside,2,No,460623.66
HOUSE_00890,1331,2,2.5,1965,Suburb,0,Yes,374279.3
HOUSE_00891,2110,5,2.5,2019,Downtown,1,No,764214.06
HOUSE_00892,1107,5,1.0,2017,Northside,1,No,430577.18
HOUSE_00893,1992,2,1.5,1962,SouthHills,2,No,566944.91
HOUSE_00894,1894,4,2.5,1993,Northside,1,No,529363.86
HOUSE_00895,2648,2,4.0,2004,Northside,2,No,675213.36
HOUSE_00896,4355,1,2.0,2009,SouthHills,2,No,984562.05
HOUSE_00897,1390,2,3.5,1961,WestEnd,2,No,321855.24
HOUSE_00898,2917,1,2.0,1974,WestEnd,2,No,467677.05
HOUSE_00899,858,2,3.0,1996,WestEnd,1,No,268383.49
HOUSE_00900,4280,1,3.0,1974,Downtown,1,No,1088113.65
HOUSE_00901,3194,1,1.5,2019,Northside,2,Yes,748144.92
HOUSE_00902,2389,2,2.5,1991,SouthHills,0,No,644939.44
HOUSE_00903,2637,5,2.0,1980,Downtown,2,No,840898.86
HOUSE_00904,1717,3,2.0,1976,SouthHills,2,Yes,576181.52
HOUSE_00905,3853,5,3.5,1993,Downtown,1,No,1103655.36
HOUSE_00906,1780,1,1.5,1991,Downtown,2,No,581533.65
HOUSE_00907,4290,2,4.0,2009,Downtown,3,No,1186576.28
HOUSE_00908,811,2,2.5,2006,SouthHills,1,No,379827.69
HOUSE_00909,747,2,1.5,2011,Suburb,2,Yes,317899.95
HOUSE_00910,4363,2,1.0,1982,Downtown,0,No,1036213.56
HOUSE_00911,2610,3,2.0,1994,WestEnd,1,Yes,492241.43
HOUSE_00912,1075,4,1.5,1996,Northside,2,No,386372.91
HOUSE_00913,1527,1,1.5,2002,Suburb,2,No,366707.88
HOUSE_00914,2780,3,3.5,2000,Suburb,2,No,612157.68
HOUSE_00915,3251,5,4.0,1996,SouthHills,3,No,936474.81
HOUSE_00916,1326,4,1.0,2016,Suburb,2,Yes,397531.79
HOUSE_00917,2619,4,3.0,1992,SouthHills,2,No,775251.87
HOUSE_00918,1726,2,2.0,1984,SouthHills,2,No,550438.73
HOUSE_00919,4257,3,3.5,2005,WestEnd,2,No,712568.99
HOUSE_00920,4287,5,4.0,1996,Downtown,2,No,1256725.95
HOUSE_00921,2591,2,4.0,1999,Suburb,3,No,585377.0
HOUSE_00922,2789,2,1.5,1980,Downtown,2,No,797307.67
HOUSE_00923,2756,1,2.0,2005,Downtown,2,No,772627.81
HOUSE_00924,3747,4,3.0,2019,Downtown,0,No,1025405.49
HOUSE_00925,1518,5,4.0,2007,SouthHills,2,No,619916.86
HOUSE_00926,1356,4,1.5,1997,Downtown,2,No,581226.58
HOUSE_00927,4380,3,4.0,1999,Suburb,2,No,824528.12
HOUSE_00928,2511,1,1.0,1993,SouthHills,1,No,635915.95
HOUSE_00929,3913,2,4.0,1978,Suburb,3,No,736235.64
HOUSE_00930,1489,1,2.0,1986,SouthHills,0,No,447059.92
HOUSE_00931,2159,2,4.0,1968,Northside,1,Yes,586886.41
HOUSE_00932,3798,1,4.0,1964,Northside,2,No,773565.16
HOUSE_00933,3814,2,3.5,1964,Northside,2,Yes,873656.55
HOUSE_00934,1854,4,1.0,1984,Northside,1,No,509472.11
HOUSE_00935,3987,4,3.0,1985,SouthHills,2,No,1010061.81
HOUSE_00936,2329,4,3.0,1978,Downtown,1,No,789012.69
HOUSE_00937,2243,4,2.0,1989,WestEnd,0,No,423837.33
HOUSE_00938,3345,1,3.0,1995,WestEnd,1,No,569203.94
HOUSE_00939,4116,2,2.5,2007,Northside,2,No,853667.91
HOUSE_00940,4279,4,3.5,2007,Downtown,1,Yes,1220048.0
HOUSE_00941,2373,1,2.0,1975,Suburb,0,No,419623.78
HOUSE_00942,2604,2,4.0,1966,Downtown,2,No,811505.85
HOUSE_00943,2136,1,2.5,1977,Suburb,1,No,413768.41
HOUSE_00944,1635,4,3.0,2015,WestEnd,2,No,385765.5
HOUSE_00945,4017,3,4.0,1980,Downtown,2,No,1120965.36
HOUSE_00946,4220,1,2.0,1990,Downtown,2,No,1057980.83
HOUSE_00947,3759,4,2.5,1960,WestEnd,1,No,625122.22
HOUSE_00948,720,5,3.0,1962,Downtown,1,No,490469.15
HOUSE_00949,1698,2,1.5,1990,Suburb,2,No,384693.19
HOUSE_00950,2131,4,1.5,1984,Downtown,1,No,684510.15
HOUSE_00951,1156,5,1.0,2012,Suburb,0,No,356659.19
HOUSE_00952,2167,1,1.5,1967,Northside,1,Yes,503709.69
HOUSE_00953,2727,1,2.5,1960,Downtown,0,No,724614.88
HOUSE_00954,3761,5,3.5,2021,Suburb,3,Yes,792887.99
HOUSE_00955,964,5,1.5,1966,WestEnd,2,Yes,332021.85
HOUSE_00956,4431,2,2.0,1966,Northside,1,No,832046.13
HOUSE_00957,2931,1,2.0,1967,Downtown,1,Yes,804921.28
HOUSE_00958,2974,5,2.0,1978,Suburb,3,No,651097.98
HOUSE_00959,4319,3,1.5,1976,Downtown,1,No,1035739.14
HOUSE_00960,4017,3,4.0,1970,Suburb,2,No,754268.34
HOUSE_00961,2746,5,1.5,2006,Downtown,1,No,873754.8
HOUSE_00962,3844,2,1.0,2000,Northside,2,No,817755.76
HOUSE_00963,3921,1,3.5,2008,Northside,2,No,852522.39
HOUSE_00964,4284,3,4.0,1970,Downtown,0,No,1154757.09
HOUSE_00965,3840,5,3.5,1997,Downtown,1,Yes,1128264.97
HOUSE_00966,1668,5,4.0,2000,SouthHills,2,No,625053.8
HOUSE_00967,1504,4,4.0,2021,Downtown,3,No,726738.95
HOUSE_00968,1953,5,3.0,2009,Downtown,0,No,713338.87
HOUSE_00969,1422,2,1.0,2011,Northside,2,No,382650.83
HOUSE_00970,1795,3,2.5,1961,Downtown,1,No,621851.43
HOUSE_00971,1701,4,2.0,1963,WestEnd,2,Yes,394906.05
HOUSE_00972,3622,3,1.5,2009,Downtown,2,No,996272.37
HOUSE_00973,4379,3,3.0,1987,SouthHills,1,Yes,1017836.99
HOUSE_00974,4168,2,3.0,1992,Suburb,1,No,694776.27
HOUSE_00975,783,5,4.0,1970,Northside,0,No,390028.07
HOUSE_00976,1439,2,1.5,1962,WestEnd,2,No,306034.65
HOUSE_00977,4070,5,1.0,1999,Suburb,1,No,729261.48
HOUSE_00978,4064,4,3.0,1964,WestEnd,1,No,672544.7
HOUSE_00979,2457,2,3.5,2011,Northside,3,No,630008.15
HOUSE_00980,2693,2,1.0,1980,SouthHills,1,No,656497.07
HOUSE_00981,922,1,1.5,1981,Northside,2,No,309360.38
HOUSE_00982,3540,2,4.0,2013,WestEnd,1,No,631423.03
HOUSE_00983,3480,1,1.0,1996,WestEnd,0,No,493350.26
HOUSE_00984,3987,5,4.0,2019,Northside,1,No,906495.64
HOUSE_00985,4002,5,3.5,1970,Downtown,2,Yes,1194607.71
HOUSE_00986,3152,5,2.0,2003,Northside,1,No,721689.5
HOUSE_00987,1892,1,4.0,1981,SouthHills,2,No,595134.15
HOUSE_00988,1028,5,4.0,2000,Northside,1,No,482061.93
HOUSE_00989,1125,3,1.5,2012,Suburb,1,No,335826.04
HOUSE_00990,2277,2,3.5,1972,Downtown,3,No,795621.05
HOUSE_00991,1469,1,1.5,2013,Suburb,1,No,375900.07
HOUSE_00992,1919,5,3.5,2011,Northside,1,No,572546.05
HOUSE_00993,1307,3,3.5,2020,Downtown,0,No,548419.63
HOUSE_00994,2552,2,3.0,1962,Suburb,2,Yes,537545.48
HOUSE_00995,3273,2,3.0,1972,Suburb,2,No,632149.97
HOUSE_00996,3372,5,3.0,1987,Downtown,0,No,987044.68
HOUSE_00997,2824,3,2.0,2013,Downtown,1,No,850365.55
HOUSE_00998,2746,1,2.0,1970,WestEnd,2,Yes,470766.74
HOUSE_00999,2000,5,3.5,1970,Downtown,3,Yes,785390.73
HOUSE_01000,1619,2,2.5,1980,Northside,1,Yes,487079.6
